date,euro12,belgium,germany,ireland,greece,spain,france,italy,netherlands,austria,portugal,finland,luxembourg,euro12Mbelgium,euro12Mgermany,euro12Mireland,euro12Mgreece,euro12Mspain,euro12Mfrance,euro12Mitaly,euro12Mnetherlands,euro12Maustria,euro12Mportugal,euro12Mfinland,euro12Mluxembourg,belgiumCor,germanyCor,irelandCor,greeceCor,spainCor,franceCor,italyCor,netherlandsCor,austriaCor,portugalCor,finlandCor,luxembourgCor
1995 JAN,-0.003504698,0.013222388,-0.003029333,na,-0.009304108,-0.01659903,0.002427106,-0.02289129,0.016066134,na,0.011551387,-0.008817031,-0.000712357,-0.004173184,-0.004467034,na,-0.003401663,-0.002499106,-0.005134131,0.000521909,-0.004788188,na,-0.003778556,-0.003421025,-0.003516449,na,na,na,na,na,na,na,na,na,na,na,na
1995 APR,-0.000118799,0.025575733,0.023498228,na,-0.016581273,-0.000338706,0.006703722,-0.082130381,0.014979427,na,0.007382333,0.0274213,0.030484412,-0.001148625,-0.013265562,na,0.000192893,-0.000229903,-0.001991631,0.015548433,-0.001111173,na,-0.000261895,-0.000628586,-0.000210363,na,na,na,na,na,na,na,na,na,na,na,na
1995 JUL,0.006786314,0.01931724,0.018495921,na,-0.015833354,0.013669471,0.011661776,-0.036190253,0.020229485,na,0.000925097,0.030814066,0.006632479,0.006295311,0.000372949,na,0.007222289,0.006050764,0.00545536,0.015485144,0.005905216,na,0.006868449,0.006343189,0.006784257,na,na,na,na,na,na,na,na,na,na,na,na
1995 OCT,0.007902525,0.016134368,0.019615537,na,-0.032042402,0.016890142,0.00659395,-0.020765276,0.017828506,na,-0.009430437,0.029107981,0.052532356,0.007586253,0.001726671,na,0.008671297,0.006985373,0.008273078,0.013971646,0.007251628,na,0.008178905,0.007513229,0.007769898,na,na,na,na,na,na,na,na,na,na,na,na
1996 JAN,0.006247312,0.00886823,-0.001584457,na,-0.027649308,0.02938422,0.013512887,0.013146294,0.002618209,0.017899884,-0.009929659,-0.021616351,0.035420956,0.006155194,0.010291451,na,0.006912081,0.004026704,0.004260978,0.00529691,0.006463535,0.006171143,0.006513263,0.006752937,0.006160938,na,na,na,na,na,na,na,na,na,na,na,na
1996 APR,0.00896058,-0.004573508,8.60E-06,na,0.003202344,0.024576626,0.010154696,0.037405039,-0.004470581,0.011981741,-0.011902844,-0.040076106,0.012238407,0.00950036,0.013628284,na,0.009090407,0.007440592,0.008645829,0.003505271,0.009802001,0.009422788,0.009310736,0.009845422,0.008950423,0.39,-0.01,na,-0.61,0.86,0.71,-0.66,0.48,na,-0.3,-0.02,0.75
1996 JUL,0.010125981,-0.006235785,0.006193442,na,0.017671688,0.018438003,0.005543595,0.034992432,-0.000896625,0.012777674,0.002494644,-0.021198817,0.019172298,0.010772672,0.012335406,na,0.009993546,0.009287302,0.011385522,0.005355541,0.010825428,0.010864117,0.010263687,0.010703755,0.010099562,0.5,-0.02,na,-0.68,0.88,0.79,-0.69,0.65,na,-0.05,-0.03,0.77
1996 OCT,0.002498328,-0.014066869,-0.000774864,na,0.025625339,0.005108726,-0.006921063,0.033180118,-0.015277587,0.007261843,-0.004468483,-0.010523583,-0.024402835,0.003150103,0.004413227,na,0.002048231,0.002193596,0.005063788,-0.003596152,0.003632253,0.003433122,0.002629409,0.002748845,0.002575958,0.69,0.47,na,-0.7,0.9,0.84,-0.58,0.76,na,0.14,0.03,0.85
1997 JAN,-0.009109332,-0.022776901,-0.019837789,-0.006928174,0.028771507,-0.006239113,-0.017545906,0.024711534,-0.023777163,-0.009335736,0.005402491,-0.014352498,-0.027833678,-0.008571511,-0.003561749,0.002510457,-0.009870502,-0.009433291,-0.006812223,-0.015978509,-0.008161416,-0.007761914,-0.00934343,-0.008999895,-0.009054134,0.7,0.62,na,-0.41,0.91,0.79,-0.29,0.8,na,0.06,-0.18,0.87
1997 APR,-0.006897824,-0.014672002,-0.014352675,0.014758541,0.023298297,-0.011528776,-0.01448206,0.024368405,-0.020641754,-0.016178596,-0.00320507,-0.013670776,-0.032827095,-0.006588966,-0.002959923,0.002949754,-0.007505089,-0.006514882,-0.00483358,-0.013305867,-0.005999352,-0.005039142,-0.006943615,-0.006758306,-0.006821147,0.68,0.83,na,-0.19,0.91,0.72,0.34,0.87,0.92,0.05,-0.75,0.88
1997 JUL,-0.0096715,-0.015278909,-0.019751122,-8.26E-05,0.036059242,-0.017600167,-0.019374914,0.026818721,-0.022756253,-0.014418984,-0.010071615,-0.005716072,-0.033813846,-0.009447973,-0.004524155,-0.001129625,-0.010614936,-0.008970975,-0.007039663,-0.01732703,-0.008806419,-0.007776433,-0.009645244,-0.009732753,-0.009599036,0.71,0.77,na,0.03,0.93,0.67,0.42,0.85,0.93,0.06,-0.73,0.87
1997 OCT,-0.00342917,-0.011413363,-0.013735218,0.018384679,0.046136928,-0.011690241,-0.0085718,0.027054609,-0.013267017,-0.007880625,-0.020518028,-0.002304431,-0.024047078,-0.003116076,0.001765459,0.003606077,-0.004464002,-0.002686421,-0.002028777,-0.009846063,-0.002764571,-0.001415027,-0.003112536,-0.003436763,-0.003366018,0.54,0.61,na,0.13,0.9,0.51,0.1,0.69,0.89,0.16,-0.55,0.76
1998 JAN,-0.009647444,-0.013835392,-0.013170414,-0.028325354,0.020217637,-0.022294581,-0.010373864,0.007771681,-0.016144429,-0.010746784,-0.016363497,-0.01168966,-0.070593223,-0.009481738,-0.007694875,-0.003349562,-0.010267358,-0.008478723,-0.009444622,-0.013262352,-0.009192519,-0.007669358,-0.009509288,-0.009594914,-0.009468032,0.04,0.05,na,0.18,0.71,-0.03,-0.43,0.15,0.71,-0.15,-0.15,0.24
1998 APR,-0.009114258,-0.012324059,-0.012950929,-0.008770824,-0.036488557,-0.017280908,-0.006274724,0.005968389,-0.018289495,-0.00782641,-0.008214197,-0.003128084,-0.04458262,-0.008987496,-0.007057917,-0.004200278,-0.008549777,-0.008356225,-0.009882399,-0.01227769,-0.008480003,-0.007204918,-0.009110632,-0.009216129,-0.009006154,0.39,-0.53,0.66,0.09,0.29,-0.22,-0.85,0.39,0.29,-0.2,0.16,0.43
1998 JUL,-0.008719595,-0.011400662,-0.010720706,-0.009966749,-0.009793995,-0.014140441,-0.004975687,-0.003902372,-0.016077363,-0.009228905,-0.003374422,0.003464381,-0.052025636,-0.008614326,-0.007558903,-0.004829721,-0.008695933,-0.008212116,-0.009734833,-0.009690224,-0.008199005,-0.006810108,-0.008796802,-0.008943245,-0.008587696,0.73,-0.13,0.7,0.1,0.57,0.14,-0.75,0.67,0.62,0.08,0.09,0.68
1998 OCT,-0.006929019,-0.013113012,-0.007576141,-0.056847208,-0.00171973,-0.008800161,-0.00282551,-0.002981826,-0.012233715,-0.008414796,-0.000483988,0.001891865,-0.057824924,-0.006690864,-0.006430378,-0.003341955,-0.007039508,-0.006753917,-0.008042694,-0.007749453,-0.006539778,-0.005106893,-0.007028108,-0.00708897,-0.006773955,0.87,0.3,0.63,-0.12,0.76,0.55,-0.64,0.85,0.83,0.44,0.57,0.79
1999 JAN,-0.006768261,-0.010281678,-0.003886158,-0.025571541,0.021788454,-0.009053944,-0.00616546,-0.01405208,-0.007380765,-0.004298827,0.00829978,0.000597924,-0.011633427,-0.006633127,-0.007919479,-0.004438345,-0.007381533,-0.00654155,-0.006929716,-0.005184926,-0.006688161,-0.005243979,-0.007027927,-0.006901616,-0.006749196,0.9,0.57,0.67,-0.2,0.81,0.82,-0.4,0.91,0.9,0.45,0.61,0.81
1999 APR,-0.008244115,-0.005900148,-0.005556265,-0.050002115,0.019127098,-0.009185409,-0.007027228,-0.017181963,-0.007438635,-0.004750776,0.004820048,-0.000724904,0.010669149,-0.008334142,-0.009324147,-0.006351858,-0.008835383,-0.008138098,-0.00857279,-0.006326325,-0.008259012,-0.006968116,-0.00847022,-0.008382372,-0.008298928,0.95,0.82,0.63,-0.39,0.87,0.94,-0.22,0.96,0.96,0.72,0.73,0.84
1999 JUL,-0.005102849,0.000772074,-0.000656045,0.005512749,0.010889157,-0.008943317,-0.004863743,-0.016071136,-0.005076179,-0.000985011,-9.18E-05,-0.005802687,0.030256803,-0.00532912,-0.006994497,-0.004614887,-0.005449796,-0.004695986,-0.005166576,-0.002764603,-0.005066812,-0.004092418,-0.005183018,-0.005081327,-0.005210863,0.96,0.67,0.68,-0.45,0.92,0.94,0.18,0.96,0.94,0.75,0.77,0.81
1999 OCT,-6.79E-05,0.010249363,0.003538241,0.005406598,0.012332013,-0.008123376,-0.001005924,-0.006297314,0.002852493,0.004892388,0.001193143,-0.00228945,0.041289697,-0.000465785,-0.001587154,-7.53E-05,-0.00033824,0.000775995,0.000186911,0.001232261,-0.000229527,0.000657991,-8.11E-05,-1.78E-05,-0.000196543,0.82,0.77,0.71,-0.75,0.94,0.93,0.69,0.97,0.94,0.58,0.84,0.63
2000 JAN,0.003651008,0.014361645,0.006562781,0.004102625,-0.007689583,-0.000431772,0.005261953,-0.005782771,0.008237106,0.005467706,0.014047083,0.011221281,0.057512014,0.003237829,0.00243633,0.003253258,0.003889766,0.004114073,0.003214632,0.005635275,0.003372329,0.004226889,0.003464849,0.00350592,0.003479555,0.78,0.77,0.75,-0.87,0.94,0.93,0.81,0.98,0.9,0.52,0.88,0.42
2000 APR,0.005741442,0.01533976,0.008562177,0.014670016,-0.015508057,-9.33E-05,0.008567047,-0.002677347,0.011124334,0.012269022,0.005957988,0.005925526,0.04684693,0.00537121,0.004563568,0.004856049,0.006192873,0.006400259,0.004975156,0.007499171,0.005403566,0.005947211,0.00574342,0.005741489,0.00561086,0.7,0.74,0.77,-0.91,0.92,0.93,0.94,0.98,0.81,0.4,0.9,0.14
2000 JUL,0.006205637,0.013928031,0.004454073,0.010571278,-0.020945325,0.003899305,0.01080867,-0.00105643,0.01841199,0.011236373,0.014597779,0.014999602,0.052435864,0.00590769,0.00702794,0.00514953,0.006786189,0.006520841,0.004956038,0.007708216,0.005391325,0.00628385,0.006051563,0.006032476,0.00605649,0.49,0.6,0.69,-0.87,0.9,0.9,0.91,0.97,0.76,0.42,0.88,-0.12
2000 OCT,0.006769941,0.019097152,-0.001685648,0.022927292,-0.032946394,0.0048542,0.01306503,0.005987313,0.020849048,0.020399752,0.012189834,0.020588595,0.035222898,0.006294427,0.010469058,0.005394588,0.007620571,0.007061031,0.005059624,0.006856444,0.005817934,0.006460548,0.006669759,0.006493846,0.006678804,0.22,0.4,0.4,-0.78,0.87,0.83,0.87,0.97,0.64,0.31,0.92,-0.41
2001 JAN,0.013573909,0.008083816,0.016309509,0.021918359,-0.018586466,0.005784469,0.013013988,0.010212241,0.030332714,0.018280629,0.005947773,0.03383712,0.017257589,0.01378056,0.012443321,0.01231395,0.014273369,0.014496647,0.013725274,0.014224694,0.01242651,0.013502298,0.013718225,0.013165139,0.013563393,0.08,0.18,0.49,-0.63,0.77,0.73,0.75,0.93,0.5,-0.1,0.89,-0.46
2001 APR,0.010495028,0.012342434,0.014354606,0.019344215,-0.024461164,0.006001168,0.010249815,0.004213275,0.025198357,0.009298473,0.010307926,0.024462226,0.000357605,0.010422271,0.008891042,0.009324269,0.011261881,0.01109172,0.010561232,0.011784707,0.009484188,0.010639726,0.010497632,0.010212759,0.010528982,0.22,-0.02,0.49,-0.3,0.68,0.63,0.7,0.9,0.49,-0.42,0.84,-0.24
2001 JUL,0.007138863,0.003201338,0.012012289,0.008647485,-0.016560274,0.00625923,0.008052025,-0.001149228,0.018263388,0.001275335,0.006192879,0.02049985,-0.002495456,0.007286382,0.005117155,0.006291712,0.007672666,0.007366831,0.006891761,0.008868243,0.006372588,0.007533891,0.007154594,0.006867674,0.007170979,0.45,0.02,0.39,-0.37,0.76,0.72,0.7,0.94,0.6,0.08,0.87,0.26
2001 OCT,0.005380052,-0.003824871,0.014811135,-0.0012408,-0.024211794,0.00477672,0.003774254,-0.006161126,0.015657777,0.004206544,0.018781428,0.006925123,0.02412083,0.005726964,0.00143761,0.004956627,0.006049316,0.005591857,0.005813339,0.007819166,0.004667522,0.005799347,0.005118683,0.00534687,0.005317765,0.7,0.4,0.65,-0.66,0.81,0.85,0.75,0.97,0.67,0.53,0.94,0.56
2002 JAN,0.004363211,-0.000234223,0.009332548,0.022153503,-0.023040132,0.000431311,0.003740726,-0.001430524,0.012428334,0.001709524,0.018215108,0.004900054,0.022162403,0.004535759,0.002342571,0.003850376,0.004993333,0.004951433,0.004531092,0.005558628,0.003801301,0.005050984,0.004091414,0.004349797,0.004303484,0.82,0.66,0.81,-0.77,0.87,0.93,0.83,0.98,0.81,0.71,0.94,0.62
2002 APR,0.002288512,0.000437648,0.004897844,-0.003245881,-0.014228468,1.17E-05,0.002448597,-0.003439904,0.012938076,0.006106693,0.012803415,0.010696161,0.017564664,0.002356751,0.001275587,0.002580583,0.002685824,0.002708892,0.002245068,0.003474972,0.001540236,0.003032225,0.002080201,0.002115703,0.002236846,0.94,0.91,0.82,-0.84,0.89,0.99,0.71,0.96,0.89,0.76,0.95,0.69
2002 JUL,0.003634202,-0.000646892,0.011476727,0.017515759,-0.021577234,-0.003598406,0.001499085,-0.001155968,0.013328499,0.000218765,0.005807423,-0.001980114,-0.006987137,0.003794892,0.000459931,0.00397165,0.004231588,0.004617705,0.004209456,0.004621627,0.002949658,0.004876279,0.003586507,0.003743718,0.003669557,0.94,0.92,0.68,-0.9,0.9,0.98,0.66,0.95,0.87,0.86,0.94,0.6
2002 OCT,-0.000291748,-0.002738708,0.007426227,0.015264318,-0.012148474,-0.005693135,-0.003103982,-0.004405245,0.00340091,-0.005865343,-0.002062489,-0.000707026,-0.031027662,-0.000200667,-0.003386269,0.000403224,1.09E-05,0.000501335,0.000465404,0.000553747,-0.000555969,0.001283876,-0.00026387,-0.000286657,-0.0001894,0.85,0.93,0.66,-0.84,0.87,0.93,0.59,0.92,0.85,0.9,0.93,0.67
2003 JAN,-0.006838544,-0.012289917,-0.005764793,-0.008482461,-0.005993144,-0.005115852,-0.007511501,-0.007289284,0.000217181,-0.005084396,-0.008696752,-0.017358634,-0.033806317,-0.006633126,-0.007187311,-0.005463029,-0.006825491,-0.006847127,-0.006657426,-0.006788317,-0.007341821,-0.005254338,-0.006809218,-0.006630943,-0.006747908,0.74,0.93,0.66,-0.85,0.81,0.92,0.48,0.88,0.87,0.94,0.93,0.72
2003 APR,-0.0114608,-0.014834404,-0.009821164,-0.022977247,-0.004451597,-0.008752981,-0.013226412,-0.01106916,-0.008001957,-0.016477361,-0.012063615,-0.017527314,-0.016166128,-0.011334188,-0.01203457,-0.009602902,-0.011592639,-0.011583461,-0.010985594,-0.011589122,-0.011711752,-0.009486994,-0.011455846,-0.011342045,-0.011444578,0.6,0.92,0.73,-0.84,0.78,0.9,0.59,0.86,0.83,0.93,0.91,0.63
2003 JUL,-0.007647828,-0.01734951,-0.002786639,-0.034655103,0.004618351,-0.010180265,-0.010763271,-0.000189058,-0.012987628,-0.018895308,-0.016154934,-0.013111159,-0.032381878,-0.007280754,-0.009517521,-0.005284452,-0.007907387,-0.007162639,-0.006810033,-0.009325596,-0.007281987,-0.005380857,-0.007490495,-0.00754095,-0.007563035,0.46,0.82,0.68,-0.61,0.73,0.82,0.22,0.84,0.83,0.91,0.79,0.48
2003 OCT,-0.00876783,-0.014819012,-0.006078902,0.011537942,0.005796558,-0.011918315,-0.008518021,-0.008029544,-0.013915103,-0.021995062,-0.012848142,-0.016406862,-0.006430408,-0.008538924,-0.00975855,-0.00721995,-0.009087389,-0.008210252,-0.008835607,-0.00895991,-0.008415338,-0.006433152,-0.008695582,-0.00861707,-0.008775295,0.26,0.86,0.72,-0.24,0.62,0.65,0.36,0.82,0.43,0.9,0.64,0.36
2004 JAN,-0.008047123,-0.003589264,-0.005731128,-0.030298711,0.01959049,-0.01451356,-0.004087761,-0.007850072,-0.016656753,-0.013435342,-0.01609479,-0.014300938,-0.027818761,-0.008220186,-0.008890354,-0.005670187,-0.008693623,-0.007098983,-0.009117094,-0.008114823,-0.007452262,-0.00605341,-0.007898152,-0.007923782,-0.007977455,-0.01,0.76,0.41,0.23,0.27,0.37,0.26,0.69,-0.04,0.66,0.5,0.1
2004 APR,-0.006915605,-0.003280531,-0.003476684,-0.013314686,0.011152791,-0.01520867,-0.006267176,-0.00382544,-0.016582817,-0.012640061,-0.009652902,-0.015518912,-0.028052622,-0.007057143,-0.008207518,-0.004982776,-0.007334347,-0.005750806,-0.00709085,-0.007610964,-0.00624601,-0.005126864,-0.00686894,-0.00674479,-0.00684032,-0.32,0.52,0.02,0.63,-0.23,0.01,0.26,0.43,-0.39,0.2,-0.12,0.19
2004 JUL,-0.009325863,0.000537345,-0.009327446,-0.031708658,0.016945165,-0.013933543,-0.008511134,-0.004834032,-0.019232939,-0.011906582,-0.015293322,-0.013643019,-0.02164757,-0.009708344,-0.009274014,-0.007336555,-0.009957881,-0.00860795,-0.009545915,-0.010322301,-0.00863824,-0.007969983,-0.009216431,-0.009240642,-0.009280508,-0.08,0.02,-0.1,0.32,-0.2,0.09,0.38,0.39,-0.67,0.1,-0.14,0.43
2004 OCT,-0.010116465,-0.002252078,-0.015527748,-0.020842496,-0.017573766,-0.014378813,-0.00567435,0.00132466,-0.020880101,-0.01720865,-0.012268855,-0.004945128,-0.023648406,-0.01042183,-0.007984591,-0.00875032,-0.009920816,-0.009450109,-0.011316391,-0.012635409,-0.009367508,-0.009078268,-0.010080633,-0.01022274,-0.010066133,0.06,-0.05,-0.01,0.38,0.24,0.35,0.18,0.89,-0.56,0.25,0.04,0.71
2005 JAN,-0.01395046,-0.004564666,-0.018324903,-0.025546456,-0.026865607,-0.012488408,-0.006672072,-0.012632478,-0.024961685,-0.00361516,-0.015804643,-0.011664209,-0.044103358,-0.014315236,-0.012246393,-0.01308361,-0.013625548,-0.014004418,-0.015919272,-0.014241452,-0.0131824,-0.014031285,-0.01392014,-0.01399781,-0.013840543,0.3,0.44,0.31,0.31,0.64,0.81,0.54,0.93,0.02,0.76,0.09,0.83
2005 APR,-0.012415534,-0.004310345,-0.016653388,0.004533326,-0.029341639,-0.00898995,-0.009093435,-0.009948635,-0.022216077,-0.005470259,-0.010086721,-0.018601175,-0.039636705,-0.012730886,-0.01079171,-0.012773559,-0.011996141,-0.012736602,-0.013311975,-0.01295191,-0.011730141,-0.013074761,-0.012466394,-0.012291311,-0.012314877,0.69,0.7,0.56,0.29,0.8,0.88,0.64,0.95,0.46,0.85,0.41,0.84
2005 JUL,-0.011050247,-0.004858694,-0.012632288,-0.008641074,-0.030544624,-0.008232727,-0.010405773,-0.007161629,-0.017910835,-0.009122956,-0.015109839,-0.015537586,-0.012822705,-0.01129148,-0.010467126,-0.011838017,-0.010571318,-0.011319193,-0.011224194,-0.011891267,-0.010569136,-0.012328115,-0.010976503,-0.010959725,-0.011041054,0.85,0.86,0.63,0.41,0.88,0.94,0.82,0.96,0.73,0.94,0.67,0.86
2005 OCT,-0.007107414,0.001558468,-0.015967313,0.017035086,-0.036430143,-0.002736735,-0.004486421,0.003651298,-0.013691705,-0.007006339,-0.011218242,-0.018580232,-0.004699151,-0.00744511,-0.003791872,-0.009160057,-0.006389619,-0.007599546,-0.007814035,-0.009442926,-0.006643897,-0.009168819,-0.00703235,-0.006875847,-0.007113689,0.91,0.95,0.83,0.6,0.95,0.97,0.87,0.98,0.87,0.96,0.83,0.89
2006 JAN,-0.004177684,0.002408181,-0.01240759,0.033551388,0.003712651,0.002802025,-0.000986997,-0.006495724,-0.004591277,-0.001137472,-0.011617634,-0.009521032,0.02354388,-0.004434428,-0.001130972,-0.007369217,-0.004398853,-0.005032703,-0.005037836,-0.003668625,-0.004148755,-0.007202858,-0.00403778,-0.004068849,-0.00428056,0.95,0.98,0.9,0.88,0.98,0.98,0.88,0.98,0.92,0.98,0.88,0.92
2006 APR,0.002831306,-0.000982171,0.000165467,0.026198771,0.000304315,0.006867996,0.003133888,0.005293694,-0.001012746,0.003873948,-0.003357999,-0.012713254,0.022303107,0.00297816,0.00375973,-0.000896343,0.00287018,0.002329322,0.002749928,0.002311561,0.003104754,-0.000994224,0.002947367,0.003145828,0.002759313,0.96,0.98,0.83,0.91,0.99,0.98,0.93,0.98,0.95,0.98,0.93,0.93
2006 JUL,0.005437862,0.003441682,0.004636098,0.054160475,-0.003894482,0.013976363,0.002335325,0.004022981,-0.000210468,0.007949819,-0.003036099,-0.004959101,0.015835107,0.005515152,0.005646313,0.000358843,0.005645466,0.004323351,0.006270945,0.005754047,0.005840581,0.000755794,0.005598514,0.005649764,0.005400163,0.95,0.97,0.85,0.92,0.99,0.99,0.94,0.99,0.98,0.98,0.96,0.92
2006 OCT,0.012733143,0.009718101,0.012384252,0.034579517,0.001234104,0.017259812,0.010110054,0.016074203,0.007445863,0.014506667,0.007492649,0.000105605,0.029857146,0.012850726,0.012757965,0.007522735,0.012992613,0.01211978,0.013438259,0.012028697,0.013111812,0.007361481,0.012831623,0.012990598,0.012668519,0.96,0.97,0.8,0.93,0.99,0.99,0.94,0.98,0.98,0.99,0.97,0.94
2007 JAN,0.021253351,0.021549046,0.02200383,0.097369589,0.013012965,0.025156838,0.015593014,0.017077267,0.017805876,0.021013962,0.017685195,0.021133382,0.040600674,0.021243163,0.020855738,0.014274413,0.021427228,0.020701995,0.022771879,0.022156735,0.021502601,0.015374148,0.02131985,0.021257903,0.021179026,0.95,0.97,0.62,0.92,0.99,0.99,0.93,0.98,0.98,0.99,0.98,0.85
2007 APR,0.02450408,0.020189074,0.026550556,0.090046332,0.028538478,0.030428967,0.020017583,0.016119932,0.016695204,0.027755992,0.018954257,0.03194524,0.063385334,0.024674332,0.023614679,0.017354577,0.024359364,0.023669156,0.025709953,0.026295052,0.025064437,0.018124792,0.024609561,0.024353845,0.024349954,0.95,0.97,0.5,0.87,0.99,0.99,0.93,0.94,0.98,0.99,0.95,0.75
2007 JUL,0.027313537,0.020126402,0.032119467,0.049174155,0.024992993,0.034689271,0.024044931,0.019128479,0.023133845,0.021652566,0.019223309,0.038280362,0.057726386,0.027596818,0.025385798,0.020899603,0.027334587,0.026272653,0.028194562,0.029056971,0.027616847,0.021038049,0.027468777,0.027090528,0.027192454,0.89,0.95,0.47,0.78,0.96,0.99,0.9,0.79,0.96,0.96,0.91,0.71
2007 OCT,0.033678575,0.021215153,0.031617507,0.095604474,0.032360502,0.043765353,0.028326479,0.030107956,0.031148765,0.031520941,0.033115246,0.053474926,0.056027206,0.034168329,0.034327357,0.026418781,0.033676652,0.032266578,0.035119103,0.034444137,0.033864632,0.027344815,0.033688577,0.033271723,0.033589203,0.95,0.96,0.65,0.6,0.93,0.99,0.96,0.77,0.97,0.96,0.93,0.88
2008 JAN,0.037241917,0.025577211,0.037032672,0.065876123,0.049431667,0.047113544,0.033393588,0.030032673,0.041831265,0.031700157,0.029932072,0.05214868,0.059608905,0.037703051,0.037205993,0.030932222,0.036892933,0.035854478,0.038281628,0.038768914,0.036916188,0.0313036,0.037383549,0.036936837,0.03715154,0.97,0.98,0.77,0.23,0.96,1,0.98,0.87,0.98,0.97,0.96,0.93
2008 APR,0.03395951,0.027023823,0.032383413,0.03501785,0.045200942,0.045115427,0.028245482,0.032751497,0.036898385,0.031782637,0.026890383,0.05380985,0.033799188,0.034238514,0.034444986,0.0286662,0.033644386,0.032400966,0.035501328,0.034220577,0.033752507,0.02842676,0.034097394,0.033550874,0.033960404,0.97,0.98,0.83,0.2,0.98,0.99,0.99,0.92,0.98,0.96,0.98,0.95
2008 JUL,0.026413621,0.020939691,0.024119298,0.040667122,0.049862131,0.037730353,0.022413821,0.015372116,0.038189568,0.025718703,0.020940688,0.056072781,0.032193996,0.02663718,0.02718268,0.021488364,0.025789842,0.024840265,0.027498186,0.028727773,0.025564498,0.021538926,0.026521724,0.025797808,0.026390192,0.98,0.98,0.88,0.05,0.98,0.99,0.99,0.93,0.98,0.93,0.98,0.96
2008 OCT,0.01024617,-0.007734264,0.00250948,0.017581781,0.035348215,0.023793051,0.007501381,0.006657004,0.030693242,0.00480109,0.013566685,0.027773549,-0.014643531,0.010961163,0.013059835,0.006233667,0.009595648,0.008385159,0.010995409,0.011001566,0.008759647,0.006373159,0.010185109,0.009885636,0.010347321,0.98,0.99,0.91,0.02,0.99,0.99,0.99,0.94,0.97,0.87,0.98,0.97
2009 JAN,-0.020502375,-0.026077224,-0.039864082,-0.019134164,0.013713137,0.004211804,-0.016666628,-0.023369641,-0.000720957,-0.013001684,-0.014679842,-0.032854254,-0.040323967,-0.020271401,-0.01337984,-0.023546608,-0.021372306,-0.023856206,-0.021532304,-0.019900624,-0.021941436,-0.023861057,-0.020610514,-0.020245789,-0.020420806,0.97,0.99,0.91,0.17,0.98,0.99,0.99,0.95,0.97,0.85,0.98,0.97
2009 APR,-0.026075458,-0.033175949,-0.040128149,-0.026201909,0.043751594,-0.004344147,-0.025198715,-0.028393923,-0.022211967,-0.028900701,-0.007922125,-0.041873113,-0.061865437,-0.025782463,-0.020862447,-0.028227864,-0.027871671,-0.028999301,-0.026301801,-0.025590208,-0.02635153,-0.028153339,-0.026422909,-0.025748392,-0.025928283,0.95,0.98,0.92,0.25,0.97,0.99,0.99,0.95,0.96,0.76,0.97,0.96
2009 JUL,-0.024629508,-0.021492795,-0.034257436,-0.057525097,0.034750617,-0.009221416,-0.028906635,-0.021829323,-0.018400516,-0.025459058,-0.00165886,-0.040149354,-0.055288889,-0.024743855,-0.021015827,-0.025334836,-0.026108643,-0.026674393,-0.023460791,-0.025213118,-0.02507796,-0.025860583,-0.025069187,-0.02430759,-0.024501715,0.94,0.97,0.83,0.08,0.95,0.99,0.97,0.94,0.94,0.68,0.97,0.93
2009 OCT,-0.020065523,-0.021323814,-0.028267732,-0.064091879,0.058620301,-0.009079764,-0.022616499,-0.01746323,-0.020573177,-0.014256234,0.006646014,-0.04306955,-0.039772236,-0.020003184,-0.016943807,-0.019813626,-0.022021929,-0.021492824,-0.019361114,-0.020605894,-0.020026063,-0.020671664,-0.020575889,-0.019591322,-0.019981581,0.91,0.94,0.8,-0.21,0.87,0.98,0.94,0.9,0.92,0.65,0.96,0.91
2010 JAN,-0.019039252,-0.019615269,-0.027313446,-0.041356706,0.048682255,-0.004254584,-0.01803925,-0.01974793,-0.019676629,-0.031073295,0.015308178,-0.053485856,-0.039180877,-0.019004037,-0.015849617,-0.018518791,-0.020660409,-0.020941505,-0.019297712,-0.018889577,-0.018990742,-0.018311292,-0.019697032,-0.018334174,-0.018952405,0.87,0.93,0.74,-0.66,0.71,0.98,0.96,0.81,0.9,0.64,0.93,0.9
2010 APR,-0.009607764,-0.003528689,-0.013291171,-0.038444649,0.030622035,-0.0010772,-0.012378016,-0.010397663,-0.005617788,-0.017854513,0.017945075,-0.019457736,-0.007305985,-0.009842506,-0.008112143,-0.008385177,-0.010483074,-0.010656393,-0.008841038,-0.009439994,-0.009894628,-0.008339327,-0.010127607,-0.009400392,-0.009615604,0.97,0.96,0.76,-0.87,0.63,0.97,0.98,0.83,0.9,0.6,0.93,0.99
2010 JUL,-0.005070208,-0.000665996,-0.006723916,-0.03210529,0.010409917,0.00249106,-0.007762588,-0.003665443,-0.001110687,-0.013494144,0.026504416,-0.023826233,-0.006591464,-0.005237759,-0.004315262,-0.003378464,-0.005305972,-0.005966925,-0.004323469,-0.005353517,-0.005355037,-0.003218594,-0.00566515,-0.004680159,-0.005061095,0.98,1,0.81,-0.91,0.77,0.98,0.98,0.96,0.93,0.3,0.94,0.99
2010 OCT,-0.000288652,0.002164426,-0.001770786,-0.056510377,0.009539012,0.005335718,-0.003388555,0.006454207,0.000930277,-0.007451556,0.026439328,-0.001477019,0.005473028,-0.000377597,0.000428498,0.002362342,-0.000368841,-0.00091199,0.000569816,-0.001671804,-0.000374995,0.002025563,-0.000785205,-0.000259926,-0.000311055,0.96,0.99,0.88,-0.89,0.58,0.97,0.98,0.93,0.91,-0.04,0.92,0.98
2011 JAN,0.00644609,0.006910389,0.010368858,-0.020307377,-0.003334027,0.003164146,0.004860641,0.011150739,0.002006771,0.00795096,0.019566382,0.000782124,0.018361561,0.006437468,0.005094389,0.008953776,0.006834604,0.006978721,0.006892661,0.005491265,0.006767644,0.008918239,0.006214334,0.00656773,0.006396413,0.92,0.96,0.78,-0.85,0.26,0.95,0.97,0.92,0.88,-0.18,0.92,0.96
2011 APR,0.005768325,0.009234376,0.008234113,0.000716571,-0.007434086,0.002158459,0.001945337,0.013899922,0.000611945,0.004935796,0.010377377,0.007970497,0.013884737,0.005635429,0.004995635,0.008225951,0.006238568,0.006350233,0.006825206,0.004113941,0.006141154,0.008714212,0.005699244,0.005726014,0.005735665,0.87,0.87,0.66,-0.67,0.12,0.85,0.96,0.85,0.9,-0.13,0.88,0.92
2011 JUL,0.006235458,0.007694656,0.009971535,-0.009870865,-0.01320931,-0.000638649,0.003308299,0.015018132,0.003107911,0.00699202,0.006678748,0.011815329,0.018699266,0.006183805,0.004972852,0.009215753,0.006842458,0.007229621,0.007048556,0.004456138,0.0064623,0.009484752,0.00624481,0.006121913,0.006183051,0.71,0.75,0.6,-0.18,0.35,0.55,0.96,0.68,0.65,0.22,0.67,0.86
2011 OCT,0.003448344,0.006984168,0.006420939,-0.011199305,-0.026592651,-0.001812195,0.004789266,0.011050954,-0.002122913,-0.000488679,-0.010920199,0.010834722,0.005165893,0.003309509,0.002488431,0.00669406,0.004275319,0.004239387,0.003092079,0.001920856,0.003850444,0.007172288,0.003730286,0.003296252,0.003444857,0.74,0.81,0.61,0.4,0.67,0.43,0.97,0.62,0.43,0.53,0.52,0.91
2012 JAN,0.001038165,0.013861763,0.006154875,-0.019634397,-0.030563477,-0.010083859,0.002910694,0.004693727,-0.005175694,0.007648911,-0.01718345,0.015951845,-0.005976699,0.000510429,-0.000775606,0.004657373,0.001883825,0.002545498,0.000534622,0.000324036,0.001486038,0.004683443,0.001388108,0.000725783,0.001074734,0.76,0.87,0.63,0.67,0.87,0.43,0.97,0.71,0.38,0.75,0.56,0.88
2012 APR,-0.002543502,0.008307248,0.00318726,0.003845061,-0.038326939,-0.017583428,0.000649262,-0.001377462,-0.003049603,0.005213526,-0.035528918,0.003185212,-0.004981429,-0.002991014,-0.004614387,0.000794814,-0.001630055,-0.0005728,-0.003411956,-0.00274811,-0.002505498,0.001286236,-0.00193187,-0.002661552,-0.0025275,0.78,0.94,0.76,0.87,0.97,0.73,0.98,0.75,0.59,0.83,0.57,0.81
2012 JUL,-0.004620772,0.002601037,0.003538164,-0.032746815,-0.038562784,-0.017770402,0.00234499,-0.006911541,-0.010837492,0.006840835,-0.036848093,0.000406911,-0.021306509,-0.004918353,-0.007688338,-0.000459249,-0.003766016,-0.002897111,-0.006534206,-0.004127437,-0.004173245,-0.000757157,-0.004026506,-0.004724439,-0.004538793,0.81,0.92,0.68,0.86,0.97,0.69,0.99,0.69,0.56,0.72,0.74,0.78
2012 OCT,-0.009015747,0.001324083,-0.003957152,-0.043313874,-0.036212957,-0.027619244,0.000828635,-0.012296409,-0.005854818,0.004482308,-0.041360461,-0.003618505,-0.016472836,-0.009446083,-0.010852976,-0.004618932,-0.008317753,-0.006658325,-0.011730297,-0.008324315,-0.009241799,-0.005137602,-0.008423334,-0.009127639,-0.008975903,0.79,0.88,0.57,0.81,0.95,0.72,0.96,0.63,0.55,0.6,0.76,0.69
2013 JAN,-0.011903482,-0.005163898,-0.008112785,-0.052072005,-0.040306536,-0.02812095,-0.00114297,-0.017191106,-0.004364083,-0.000703883,-0.03421921,-0.002079846,-0.019649692,-0.012184217,-0.013249047,-0.007345072,-0.01120488,-0.0098544,-0.01487357,-0.010814623,-0.012445748,-0.007949576,-0.011491934,-0.012109759,-0.011862023,0.82,0.83,0.55,0.52,0.92,0.62,0.93,0.38,0.4,0.28,0.72,0.4
2013 APR,-0.008004728,-0.004599762,-0.001680686,-0.047164427,-0.040506415,-0.027503834,0.002769219,-0.012684518,-0.007334606,0.000174373,-0.027010808,0.005530879,-0.003490907,-0.008146887,-0.010410092,-0.003490065,-0.007252433,-0.005591337,-0.010977729,-0.007039101,-0.008051109,-0.00404634,-0.007654911,-0.008290589,-0.008021646,0.86,0.81,0.48,0.01,0.83,0.36,0.89,0.07,0.65,0.01,0.66,0.07
2013 JUL,-0.007819764,-0.006959358,-0.00030248,-0.031931782,-0.041268814,-0.028881017,-0.000313057,-0.009860613,-0.008461021,-0.002994498,-0.015633346,0.006139196,0.003014929,-0.007856328,-0.010748985,-0.003702332,-0.007076632,-0.005248682,-0.009882017,-0.007378029,-0.007771987,-0.003945448,-0.00767181,-0.008114998,-0.00786786,0.6,0.75,0.19,0.06,0.61,-0.1,0.8,0.1,0.42,-0.08,0.11,0.29
2013 OCT,-0.008022217,-0.001935596,4.09E-05,-0.091961333,-0.049683579,-0.024944581,-0.000884103,-0.008984642,-0.005167399,-0.00578882,-0.011031203,0.004308202,-0.012131127,-0.008279164,-0.011214696,-0.002956046,-0.007155805,-0.005961345,-0.009979905,-0.007795266,-0.008225343,-0.004359452,-0.007962289,-0.008282851,-0.007998216,0.02,0.5,0.26,0.47,0.81,0,0.69,-0.32,0,0.54,-0.34,0.52
2014 JAN,-0.006391153,-0.00278446,0.002574215,-0.087258286,-0.031800481,-0.026335543,-0.001460218,-0.002949348,-0.006665375,-0.00186764,-0.015677716,-0.002649293,0.001352181,-0.006544499,-0.009999742,-0.001644696,-0.005851004,-0.004000609,-0.007735276,-0.007033416,-0.006369708,-0.003207661,-0.006221112,-0.006469256,-0.006425745,-0.18,0.65,0.47,0.65,0.89,-0.25,0.76,0.25,-0.12,0.82,-0.24,0.59
2014 APR,-0.008432499,-0.006841313,-0.001018147,-0.072023088,-0.028447477,-0.023835643,-0.004139106,-0.008256224,-0.009121994,0.002275445,-0.016237376,-0.005555285,-3.53E-05,-0.008501686,-0.011435024,-0.004367292,-0.008016492,-0.006593187,-0.009597983,-0.008434763,-0.008381404,-0.005959942,-0.008290657,-0.008492413,-0.008471319,0.14,0.6,0.54,0.69,0.89,-0.14,0.8,0.46,0.05,0.92,-0.32,0.21
2014 JUL,-0.007522651,-0.001090423,-0.002776479,-0.051792986,-0.000127994,-0.019675682,-0.004248694,-0.008668891,-0.006233592,-0.004602109,-0.011827025,-0.002495812,0.017469587,-0.007796298,-0.009448326,-0.004280182,-0.007630431,-0.006081711,-0.00840481,-0.007271411,-0.00761314,-0.005368949,-0.00744468,-0.007628135,-0.007646701,0.42,0.62,0.72,0.76,0.94,0.05,0.85,0.48,0.12,0.93,-0.27,0.24
2014 OCT,-0.004723566,-0.003767281,0.001467672,-0.08291523,-0.008458434,-0.012190605,-0.00410556,-0.003815845,3.73E-05,-0.004750245,-0.012998354,-0.00438761,0.028017277,-0.004766784,-0.007295099,-0.001298854,-0.004648793,-0.003846854,-0.004875117,-0.004877643,-0.005062817,-0.003137165,-0.004576672,-0.004729991,-0.004889594,0.02,0.67,0.61,0.78,0.95,0.54,0.87,0.56,0.22,0.97,-0.08,0.04
2015 JAN,0.001211051,-0.004997162,0.001198308,0.12253876,-0.006014395,-0.004482493,0.000791249,-0.003304606,-0.009449265,-0.002856953,0.002621929,-0.006032319,0.017544843,0.001467818,0.001208524,-0.000504088,0.001325473,0.001865691,0.001343951,0.0020974,0.001968831,0.002199506,0.001184525,0.001363526,0.001127753,0.17,0.69,0.47,0.79,0.92,0.6,0.87,0.59,0.18,0.97,0.22,-0.1
2015 APR,0.002768392,-0.004672935,0.004113505,0.105538156,-0.002969478,0.000954972,-0.003478811,-0.001504325,0.000364894,0.000963456,0.004930982,-0.00032234,0.007441544,0.0030766,0.002160866,0.000797249,0.00283299,0.002955675,0.004483424,0.003596114,0.002940801,0.002889245,0.002727338,0.002833782,0.002743289,0.31,0.4,0.39,0.77,0.9,0.66,0.87,0.59,0.08,0.97,0.7,-0.32
2015 JUL,0.002138008,-0.00209183,0.000879327,0.064244615,-0.003988701,0.006976376,-0.001258349,0.000535004,0.00268068,-8.14E-05,0.009483117,-0.002667221,-0.019480882,0.002312037,0.002592622,0.000429458,0.002184836,0.00153212,0.003078633,0.002441476,0.002100402,0.001443478,0.002003314,0.002239135,0.002245138,0.44,0.4,0.3,0.76,0.88,0.73,0.9,0.61,0.17,0.97,0.76,-0.41
2015 OCT,0.006211774,0.001511338,0.002379253,0.110550702,0.015594057,0.012624181,0.000428175,0.003043583,-0.003734343,-0.001433427,0.010708269,0.000525988,0.024500046,0.006405521,0.007717787,0.002605966,0.005966137,0.00541043,0.007794538,0.006800283,0.006916621,0.004846018,0.006127093,0.006331094,0.00611211,na,na,na,na,na,na,na,na,na,na,na,na
2016 JAN,0.007286426,-0.008501723,0.003904026,0.049039454,0.011486354,0.013161241,0.006276549,0.010249692,0.001110124,-0.000559646,0.016164421,0.000152155,-0.004770661,0.007941759,0.008567524,0.004486503,0.007105165,0.006538874,0.007575811,0.006690535,0.007724621,0.005052883,0.007122516,0.007435697,0.007342777,na,na,na,na,na,na,na,na,na,na,na,na
2016 APR,0.005830981,0.005223627,0.003761817,-0.012799378,0.026686319,0.022602491,-7.48E-05,0.005315582,0.006890084,-0.001664442,0.01377322,0.000297633,-0.011921095,0.005853036,0.00651521,0.003731469,0.005340096,0.003785761,0.007436708,0.005882126,0.005755798,0.002701299,0.00568298,0.005946648,0.005915173,na,na,na,na,na,na,na,na,na,na,na,na
2016 JUL,0.005909901,0.003589069,-0.001734785,0.02356551,0.039743145,0.023302825,-0.000231525,0.006452882,0.013099898,0.002135218,0.018398455,0.003212642,-0.006963732,0.006003983,0.008923459,0.002054457,0.005172444,0.003783115,0.007572613,0.005742167,0.0053972,0.001763169,0.005679617,0.005966193,0.005967145,na,na,na,na,na,na,na,na,na,na,na,na
2016 OCT,0.008047866,0.008845738,-0.00029967,0.03565918,0.033398865,0.03177223,0.001913531,0.01041194,0.012819738,0.006037038,0.023894049,0.001776728,-0.0038089,0.00801074,0.011321375,0.003063987,0.007428029,0.005159103,0.009701611,0.007516291,0.007707768,0.002949244,0.007756442,0.008178313,0.008097766,na,na,na,na,na,na,na,na,na,na,na,na
